Metric,Unit,YOLO11s_COCO,YOLO26s_COCO,Delta_YOLO26s_minus_YOLO11s
Full-sequence RGB PERSON detection rows,count,36478,35534,-944
Full-sequence propagated PERSON rows,count,35573,34348,-1225
VALIDATION PERSON prediction rows,count,3129,2827,-302
VALIDATION TP,count,2833,2766,-67
VALIDATION FP,count,296,61,-235
VALIDATION FN,count,87,154,67
VALIDATION Precision,ratio,0.9054010866091403,0.9784223558542625,0.0730212692451222
VALIDATION Recall,ratio,0.9702054794520548,0.9472602739726027,-0.022945205479452113
VALIDATION F1,ratio,0.9366837493800629,0.9625891769618932,0.02590542758183023
Recall 0-3 m,ratio,0.9510086455331412,0.9048991354466859,-0.04610951008645536
Recall 3-6 m,ratio,0.974025974025974,0.987012987012987,0.012987012987012991
Recall 6-9 m,ratio,0.9857142857142858,1.0,0.014285714285714235
Recall >9 m,ratio,0.9884476534296028,0.9848375451263538,-0.0036101083032490378
Component availability,ratio,0.9978641255237,0.9980566117448246,0.00019248622112466585
LiDAR XYZ availability,ratio,0.9978641255237,0.9980566117448246,0.00019248622112466585
VALIDATION XY RMSE,m,0.24513423074599489,0.24169929056499398,-0.003434940181000906
VALIDATION XY P95,m,0.567312729199379,0.5664213563996834,-0.0008913727996956444
Uncapped YOLO mean,ms,25.752536368477333,18.357202870492316,-7.395333497985018
Uncapped YOLO P95,ms,36.87776999931882,29.099965000114018,-7.777804999204804
Uncapped YOLO P99,ms,44.997173999236075,37.755279000757554,-7.2418949984785215
Uncapped YOLO max,ms,194.6706999988237,131.97290000061912,-62.69779999820457
Uncapped LiDAR P95,ms,33.83066000133113,24.604420000105165,-9.226240001225968
Sensor-paced online latency P95,ms,225.24676600005478,219.53173249949032,-5.715033500564459
Uncapped FPS,fps,25.650845319566386,35.24951854322734,9.598673223660953
Sensor-paced FPS,fps,26.500774725393573,27.47369150952214,0.972916784128568
Sensor-paced backlog drops,count,869,624,-245
